238,239,239,239,239,239,239,239,239,239,239,239,239,239,240
279,-1,-1,-1,-1,-1,-1,-1,-1,-1,-1,-1,-1,-1,281
279,-1,-1,-1,441,442,-1,-1,-1,441,442,-1,-1,-1,281
279,-1,-1,-1,-1,-1,-1,-1,-1,-1,-1,-1,-1,-1,281
279,-1,-1,-1,-1,-1,-1,-1,-1,-1,-1,-1,-1,-1,281
279,-1,-1,-1,-1,-1,-1,-1,-1,-1,-1,-1,-1,-1,281
279,-1,-1,-1,-1,-1,-1,-1,-1,-1,-1,-1,-1,-1,281
279,-1,-1,-1,-1,-1,-1,-1,-1,-1,-1,-1,-1,-1,281
279,-1,-1,-1,-1,-1,-1,-1,-1,-1,-1,-1,-1,-1,281
279,-1,-1,-1,-1,-1,-1,-1,-1,-1,-1,-1,-1,-1,281
279,-1,-1,-1,-1,-1,-1,-1,-1,-1,-1,-1,-1,-1,281
279,-1,-1,-1,-1,-1,-1,-1,-1,-1,-1,-1,-1,-1,281
279,-1,-1,-1,441,442,-1,-1,-1,441,442,-1,-1,-1,281
279,-1,-1,-1,-1,-1,-1,-1,-1,-1,-1,-1,-1,-1,281
320,321,321,321,321,321,321,321,321,321,321,321,321,321,322
